S1	E1	S2	E2	Reference	Contig	IDY	Ambiguous	Best_group
4180172	4251075	71032	100	NZ_CP065279.1	NODE_1_length_392848_cov_44.058264	98.96		True
relocation, inconsistency = 50733
4067843	4129438	132529	71033	NZ_CP065279.1	NODE_1_length_392848_cov_44.058264	99.4		True
relocation, inconsistency = -14449
4001713	4067107	213117	147714	NZ_CP065279.1	NODE_1_length_392848_cov_44.058264	99.04		True
relocation, inconsistency = -7543
3829505	4001702	392848	220671	NZ_CP065279.1	NODE_1_length_392848_cov_44.058264	99.83		True
CONTIG	NODE_1_length_392848_cov_44.058264	392848	misassembled
2027398	2094343	67008	44	NZ_CP065279.1	NODE_2_length_315389_cov_42.757668	99.33		True
local misassembly
2005601	2026428	88827	67996	NZ_CP065279.1	NODE_2_length_315389_cov_42.757668	99.07		True
relocation, inconsistency = 1612
1968207	2003980	124587	88836	NZ_CP065279.1	NODE_2_length_315389_cov_42.757668	99.16		True
relocation, inconsistency = 15158
1803535	1948690	274095	128946	NZ_CP065279.1	NODE_2_length_315389_cov_42.757668	99.47		True
relocation, inconsistency = 16475
1760268	1787059	300898	274096	NZ_CP065279.1	NODE_2_length_315389_cov_42.757668	99.48		True
relocation, inconsistency = -12295
1760019	1760311	313443	313150	NZ_CP065279.1	NODE_2_length_315389_cov_42.757668	98.64		True
local misassembly
1758035	1759092	315377	314329	NZ_CP065279.1	NODE_2_length_315389_cov_42.757668	97.54		True
CONTIG	NODE_2_length_315389_cov_42.757668	315389	misassembled
4440914	4705367	264784	100	NZ_CP065279.1	NODE_3_length_305578_cov_44.934215	99.53		True
CONTIG	NODE_3_length_305578_cov_44.934215	305578	correct
221637	233555	1	11920	NZ_CP065279.1	NODE_4_length_296366_cov_45.264289	99.91		True
relocation, inconsistency = 83397
326541	346921	21509	41889	NZ_CP065279.1	NODE_4_length_296366_cov_45.264289	99.5		True
relocation, inconsistency = 2132
349203	512137	42039	204983	NZ_CP065279.1	NODE_4_length_296366_cov_45.264289	99.54		True
relocation, inconsistency = 33082
545220	567428	204984	227192	NZ_CP065279.1	NODE_4_length_296366_cov_45.264289	99.54		True
relocation, inconsistency = 40107
607536	676722	227193	296366	NZ_CP065279.1	NODE_4_length_296366_cov_45.264289	99.55		True
CONTIG	NODE_4_length_296366_cov_45.264289	296366	misassembled
12566	40001	45031	17617	NZ_CP065279.1	NODE_5_length_250592_cov_45.762484	99.35		True
local misassembly
10368	11193	47214	46390	NZ_CP065279.1	NODE_5_length_250592_cov_45.762484	96.61		True
local misassembly
1	8371	57599	49229	NZ_CP065279.1	NODE_5_length_250592_cov_45.762484	99.58		True
fake: not a misassembly [linear representation of circular genome]
5314941	5377795	120428	57600	NZ_CP065279.1	NODE_5_length_250592_cov_45.762484	99.61		True
relocation, inconsistency = -1248
5314257	5314936	122360	121681	NZ_CP065279.1	NODE_5_length_250592_cov_45.762484	97.06		True
relocation, inconsistency = 74874
5230015	5231235	131749	130508	NZ_CP065279.1	NODE_5_length_250592_cov_45.762484	95.25		True
local misassembly
5224220	5224521	137575	137274	NZ_CP065279.1	NODE_5_length_250592_cov_45.762484	97.02		True
indel: indel (> 5bp)
5223140	5224066	138502	137576	NZ_CP065279.1	NODE_5_length_250592_cov_45.762484	95.79		True
relocation, inconsistency = 2655
5108373	5220437	250592	138550	NZ_CP065279.1	NODE_5_length_250592_cov_45.762484	99.54		True
CONTIG	NODE_5_length_250592_cov_45.762484	250592	misassembled
2811821	2880124	419	68749	NZ_CP065279.1	NODE_6_length_207128_cov_41.321723	98.08		True
relocation, inconsistency = 12006
2892781	2999422	69400	175990	NZ_CP065279.1	NODE_6_length_207128_cov_41.321723	98.8		True
relocation, inconsistency = 4799
3004514	3035362	176283	207128	NZ_CP065279.1	NODE_6_length_207128_cov_41.321723	99.76		True
CONTIG	NODE_6_length_207128_cov_41.321723	207128	misassembled
1256177	1265717	1	9540	NZ_CP065279.1	NODE_7_length_187090_cov_43.835243	99.47		True
relocation, inconsistency = 3187
1268943	1272737	9579	13373	NZ_CP065279.1	NODE_7_length_187090_cov_43.835243	97.81		True
relocation, inconsistency = -3821
1272829	1306823	17286	51290	NZ_CP065279.1	NODE_7_length_187090_cov_43.835243	98.9		True
relocation, inconsistency = -13320
1306781	1402268	64568	159996	NZ_CP065279.1	NODE_7_length_187090_cov_43.835243	99.43		True
local misassembly
1405278	1419816	163081	177619	NZ_CP065279.1	NODE_7_length_187090_cov_43.835243	99.02		True
relocation, inconsistency = 1216443
2643301	2644479	184661	185839	NZ_CP065279.1	NODE_7_length_187090_cov_43.835243	96.44		True
CONTIG	NODE_7_length_187090_cov_43.835243	187090	misassembled
1028814	1133269	104456	1	NZ_CP065279.1	NODE_8_length_183047_cov_43.943487	99.41		True
relocation, inconsistency = 31938
944613	996801	156684	104531	NZ_CP065279.1	NODE_8_length_183047_cov_43.943487	98.81		True
relocation, inconsistency = 3931
914418	940669	182948	156697	NZ_CP065279.1	NODE_8_length_183047_cov_43.943487	99.11		True
CONTIG	NODE_8_length_183047_cov_43.943487	183047	misassembled
4716926	4733246	97	16417	NZ_CP065279.1	NODE_9_length_170581_cov_44.535218	99.96		True
relocation, inconsistency = 37075
4770840	4777564	16936	23660	NZ_CP065279.1	NODE_9_length_170581_cov_44.535218	99.54		True
relocation, inconsistency = 5221
4782786	4848636	23661	89497	NZ_CP065279.1	NODE_9_length_170581_cov_44.535218	99.49		True
relocation, inconsistency = 3657
4852302	4899685	89506	136882	NZ_CP065279.1	NODE_9_length_170581_cov_44.535218	99.64		True
relocation, inconsistency = -2532
4899738	4930849	139467	170581	NZ_CP065279.1	NODE_9_length_170581_cov_44.535218	99.77		True
CONTIG	NODE_9_length_170581_cov_44.535218	170581	misassembled
3345224	3438929	93676	1	NZ_CP065279.1	NODE_10_length_161565_cov_42.277774	99.6		True
local misassembly
3277425	3344348	161466	94558	NZ_CP065279.1	NODE_10_length_161565_cov_42.277774	99.68		True
CONTIG	NODE_10_length_161565_cov_42.277774	161565	correct
2481302	2570729	1	89421	NZ_CP065279.1	NODE_11_length_158034_cov_40.210264	99.53		True
local misassembly
2573929	2634530	93247	153841	NZ_CP065279.1	NODE_11_length_158034_cov_40.210264	99.59		True
relocation, inconsistency = 54425
2688956	2693120	153842	158034	NZ_CP065279.1	NODE_11_length_158034_cov_40.210264	98.91		True
CONTIG	NODE_11_length_158034_cov_40.210264	158034	misassembled
1537815	1665716	100	128000	NZ_CP065279.1	NODE_12_length_157065_cov_44.232585	99.7		True
relocation, inconsistency = 62255
1727972	1757035	128001	157065	NZ_CP065279.1	NODE_12_length_157065_cov_44.232585	99.46		True
CONTIG	NODE_12_length_157065_cov_44.232585	157065	misassembled
3217679	3277430	59856	100	NZ_CP065279.1	NODE_13_length_138041_cov_42.803468	99.51		True
relocation, inconsistency = -11287
3214166	3217639	74656	71183	NZ_CP065279.1	NODE_13_length_138041_cov_42.803468	97.24		True
local misassembly
3196491	3213982	93103	75564	NZ_CP065279.1	NODE_13_length_138041_cov_42.803468	97.9		True
relocation, inconsistency = 8756
3155814	3187270	125023	93568	NZ_CP065279.1	NODE_13_length_138041_cov_42.803468	99.5		True
CONTIG	NODE_13_length_138041_cov_42.803468	138041	misassembled
3500074	3626563	126463	1	NZ_CP065279.1	NODE_14_length_126561_cov_43.327284	99.3		True
CONTIG	NODE_14_length_126561_cov_43.327284	126561	correct
1419814	1537822	3984	122060	NZ_CP065279.1	NODE_15_length_122159_cov_43.403195	99.29		True
CONTIG	NODE_15_length_122159_cov_43.403195	122159	correct
3035367	3155769	1	120419	NZ_CP065279.1	NODE_16_length_120515_cov_41.438804	99.61		True
CONTIG	NODE_16_length_120515_cov_41.438804	120515	correct
46173	161844	1	115693	NZ_CP065279.1	NODE_17_length_115693_cov_46.289531	99.59		True
CONTIG	NODE_17_length_115693_cov_46.289531	115693	correct
2094348	2207503	113285	95	NZ_CP065279.1	NODE_18_length_113285_cov_42.027406	99.81		True
CONTIG	NODE_18_length_113285_cov_42.027406	113285	correct
677103	786829	109713	1	NZ_CP065279.1	NODE_19_length_109713_cov_45.383062	99.62		True
CONTIG	NODE_19_length_109713_cov_45.383062	109713	correct
2235417	2303247	67839	1	NZ_CP065279.1	NODE_20_length_97371_cov_42.637109	99.16		True
relocation, inconsistency = -1611
2207496	2219507	97371	85360	NZ_CP065279.1	NODE_20_length_97371_cov_42.637109	99.76		True
CONTIG	NODE_20_length_97371_cov_42.637109	97371	misassembled
2693115	2784058	1	90947	NZ_CP065279.1	NODE_21_length_90947_cov_41.312368	99.02		True
CONTIG	NODE_21_length_90947_cov_41.312368	90947	correct
786857	872632	85779	1	NZ_CP065279.1	NODE_22_length_85779_cov_44.535493	99.6		True
CONTIG	NODE_22_length_85779_cov_44.535493	85779	correct
4366770	4440913	77	74257	NZ_CP065279.1	NODE_23_length_82780_cov_45.340437	99.3		True
CONTIG	NODE_23_length_82780_cov_45.340437	82780	correct
2303240	2383880	80674	1	NZ_CP065279.1	NODE_24_length_80771_cov_42.247223	99.76		True
CONTIG	NODE_24_length_80771_cov_42.247223	80771	correct
4968912	5049483	80572	1	NZ_CP065279.1	NODE_25_length_80671_cov_45.912972	99.79		True
CONTIG	NODE_25_length_80671_cov_45.912972	80671	correct
4251068	4328229	77200	97	NZ_CP065279.1	NODE_26_length_77298_cov_44.826721	99.36		True
CONTIG	NODE_26_length_77298_cov_44.826721	77298	correct
872867	896133	73992	50727	NZ_CP065279.1	NODE_27_length_73992_cov_43.716942	99.41		True
CONTIG	NODE_27_length_73992_cov_43.716942	73992	correct_unaligned
3773327	3785888	12564	3	NZ_CP065279.1	NODE_28_length_69140_cov_44.063165	99.8		True
relocation, inconsistency = 6587
3745171	3766739	34133	12565	NZ_CP065279.1	NODE_28_length_69140_cov_44.063165	99.79		True
relocation, inconsistency = 66337
3645709	3678833	67265	34134	NZ_CP065279.1	NODE_28_length_69140_cov_44.063165	98.69		True
CONTIG	NODE_28_length_69140_cov_44.063165	69140	misassembled
1168051	1193974	1	25924	NZ_CP065279.1	NODE_29_length_68588_cov_44.360204	99.79		True
relocation, inconsistency = 1014
1195177	1211627	26113	42561	NZ_CP065279.1	NODE_29_length_68588_cov_44.360204	99.04		True
relocation, inconsistency = -1150
1211055	1218213	43139	50265	NZ_CP065279.1	NODE_29_length_68588_cov_44.360204	98.29		True
relocation, inconsistency = 19642
1237856	1256152	50266	68563	NZ_CP065279.1	NODE_29_length_68588_cov_44.360204	99.57		True
CONTIG	NODE_29_length_68588_cov_44.360204	68588	misassembled
3439310	3500082	60945	99	NZ_CP065279.1	NODE_30_length_60945_cov_42.168162	99.57		True
CONTIG	NODE_30_length_60945_cov_42.168162	60945	correct
161861	220481	96	58716	NZ_CP065279.1	NODE_31_length_58716_cov_44.850470	99.67		True
CONTIG	NODE_31_length_58716_cov_44.850470	58716	correct
2810863	2811441	36511	35932	NZ_CP065279.1	NODE_32_length_52805_cov_41.445547	98.45		True
unknown
2784287	2800344	52805	36750	NZ_CP065279.1	NODE_32_length_52805_cov_41.445547	99.03		True
unknown
CONTIG	NODE_32_length_52805_cov_41.445547	52805	mis_unaligned
2386274	2438758	52516	1	NZ_CP065279.1	NODE_33_length_52516_cov_42.293187	99.81		True
CONTIG	NODE_33_length_52516_cov_42.293187	52516	correct
896089	897340	26168	27419	NZ_CP065279.1	NODE_34_length_42953_cov_41.787164	98.8		True
unknown
900799	914423	29335	42953	NZ_CP065279.1	NODE_34_length_42953_cov_41.787164	99.65		True
unknown
CONTIG	NODE_34_length_42953_cov_41.787164	42953	mis_unaligned
CONTIG	NODE_35_length_41416_cov_12.268727	41416	unaligned
3785943	3825600	39659	1	NZ_CP065279.1	NODE_36_length_39696_cov_42.480289	99.85		True
CONTIG	NODE_36_length_39696_cov_42.480289	39696	correct
4930852	4968917	38161	95	NZ_CP065279.1	NODE_37_length_38161_cov_47.289843	99.76		True
CONTIG	NODE_37_length_38161_cov_47.289843	38161	correct
4328221	4340345	100	12259	NZ_CP065279.1	NODE_38_length_38081_cov_44.627060	99.42		True
local misassembly
4340983	4366760	12271	38081	NZ_CP065279.1	NODE_38_length_38081_cov_44.627060	99.29		True
CONTIG	NODE_38_length_38081_cov_44.627060	38081	correct
1133265	1168087	1	34823	NZ_CP065279.1	NODE_39_length_34823_cov_43.814797	99.96		True
CONTIG	NODE_39_length_34823_cov_43.814797	34823	correct
2438741	2473247	1	34508	NZ_CP065279.1	NODE_40_length_34606_cov_42.249775	99.72		True
CONTIG	NODE_40_length_34606_cov_42.249775	34606	correct
CONTIG	NODE_41_length_29302_cov_12.143170	29302	unaligned
5049489	5078060	28573	1	NZ_CP065279.1	NODE_42_length_28573_cov_46.861698	99.69		True
CONTIG	NODE_42_length_28573_cov_46.861698	28573	correct
CONTIG	NODE_43_length_25204_cov_136.755148	25204	unaligned
3646206	3646291	12120	12035	NZ_CP065279.1	NODE_44_length_22442_cov_45.322249	98.84		True
unknown
3646003	3646205	12347	12146	NZ_CP065279.1	NODE_44_length_22442_cov_45.322249	97.04		True
unknown
3638775	3645464	19879	13191	NZ_CP065279.1	NODE_44_length_22442_cov_45.322249	98.03		True
unknown
CONTIG	NODE_44_length_22442_cov_45.322249	22442	mis_unaligned
CONTIG	NODE_45_length_21736_cov_11.830522	21736	unaligned
39996	43961	3965	1	NZ_CP065279.1	NODE_46_length_20581_cov_47.917391	99.07		True
CONTIG	NODE_46_length_20581_cov_47.917391	20581	correct_unaligned
5085304	5104384	1	19081	NZ_CP065279.1	NODE_47_length_19081_cov_47.995944	99.67		True
CONTIG	NODE_47_length_19081_cov_47.995944	19081	correct
3626528	3638860	18725	6393	NZ_CP065279.1	NODE_48_length_18726_cov_43.566865	99.78		True
CONTIG	NODE_48_length_18726_cov_43.566865	18726	correct
4705360	4716933	98	11671	NZ_CP065279.1	NODE_49_length_11767_cov_44.853017	99.96		True
CONTIG	NODE_49_length_11767_cov_44.853017	11767	correct
2473239	2481350	98	8209	NZ_CP065279.1	NODE_50_length_8209_cov_40.220099	99.72		True
CONTIG	NODE_50_length_8209_cov_40.220099	8209	correct
CONTIG	NODE_51_length_7471_cov_12.725855	7471	unaligned
5078023	5085182	7160	1	NZ_CP065279.1	NODE_52_length_7160_cov_45.841665	99.54		True
CONTIG	NODE_52_length_7160_cov_45.841665	7160	correct
CONTIG	NODE_53_length_5907_cov_11.351928	5907	unaligned
CONTIG	NODE_54_length_4343_cov_11.421301	4343	unaligned
5104347	5108251	3905	1	NZ_CP065279.1	NODE_55_length_3905_cov_49.220441	99.0		True
CONTIG	NODE_55_length_3905_cov_49.220441	3905	correct
CONTIG	NODE_56_length_1563_cov_11.434426	1563	unaligned
CONTIG	NODE_57_length_1517_cov_11.919605	1517	unaligned
CONTIG	NODE_58_length_1435_cov_316.830838	1435	unaligned
CONTIG	NODE_59_length_1426_cov_551.131123	1426	unaligned
2384239	2385658	1	1420	NZ_CP065279.1	NODE_60_length_1420_cov_36.978047	99.72		True
CONTIG	NODE_60_length_1420_cov_36.978047	1420	correct
44577	45903	1327	1	NZ_CP065279.1	NODE_61_length_1327_cov_40.880293	98.72		True
CONTIG	NODE_61_length_1327_cov_40.880293	1327	correct
CONTIG	NODE_62_length_1089_cov_150.636364	1089	unaligned
1756963	1757272	1	310	NZ_CP065279.1	NODE_63_length_871_cov_65.519430	97.1		True
CONTIG	NODE_63_length_871_cov_65.519430	871	correct_unaligned
3827782	3828460	679	1	NZ_CP065279.1	NODE_64_length_679_cov_51.977586	100.0		True
CONTIG	NODE_64_length_679_cov_51.977586	679	correct
CONTIG	NODE_65_length_661_cov_17.797153	661	unaligned
3438831	3439408	578	1	NZ_CP065279.1	NODE_66_length_578_cov_63.169102	99.65		True
CONTIG	NODE_66_length_578_cov_63.169102	578	correct
