S1	E1	S2	E2	Reference	Contig	IDY	Ambiguous	Best_group
4180189	4211544	31378	23	NZ_CP065279.1	NODE_1_length_351384_cov_24.717822	98.96		True
relocation, inconsistency = 50733
4044772	4129455	115756	31379	NZ_CP065279.1	NODE_1_length_351384_cov_24.717822	97.74		True
relocation, inconsistency = -4945
4018122	4043241	147323	122232	NZ_CP065279.1	NODE_1_length_351384_cov_24.717822	95.61		True
relocation, inconsistency = 1300
3954129	4013993	210001	150152	NZ_CP065279.1	NODE_1_length_351384_cov_24.717822	97.99		True
local misassembly
3943344	3954129	221331	210496	NZ_CP065279.1	NODE_1_length_351384_cov_24.717822	95.95		True
relocation, inconsistency = -2126
3904986	3943270	261786	223531	NZ_CP065279.1	NODE_1_length_351384_cov_24.717822	97.57		True
relocation, inconsistency = -1957
3887762	3904895	280967	263834	NZ_CP065279.1	NODE_1_length_351384_cov_24.717822	97.98		True
relocation, inconsistency = 29732
3852878	3858017	286119	280980	NZ_CP065279.1	NODE_1_length_351384_cov_24.717822	98.07		True
local misassembly
3809367	3852525	329333	286179	NZ_CP065279.1	NODE_1_length_351384_cov_24.717822	97.81		True
relocation, inconsistency = 1415
3785884	3807877	351384	329408	NZ_CP065279.1	NODE_1_length_351384_cov_24.717822	97.01		True
CONTIG	NODE_1_length_351384_cov_24.717822	351384	misassembled
4705437	4705536	199	100	NZ_CP065279.1	NODE_2_length_347051_cov_25.037639	98.0		True
local misassembly
4630394	4702506	74594	2869	NZ_CP065279.1	NODE_2_length_347051_cov_25.037639	95.92		True
relocation, inconsistency = -10509
4510790	4630360	204632	85137	NZ_CP065279.1	NODE_2_length_347051_cov_25.037639	97.37		True
relocation, inconsistency = 1411
4419428	4509345	294493	204666	NZ_CP065279.1	NODE_2_length_347051_cov_25.037639	97.16		True
indel: indel (> 5bp)
4394373	4419216	319436	294685	NZ_CP065279.1	NODE_2_length_347051_cov_25.037639	97.49		True
local misassembly
4366778	4375289	347043	338505	NZ_CP065279.1	NODE_2_length_347051_cov_25.037639	95.76		True
CONTIG	NODE_2_length_347051_cov_25.037639	347051	misassembled
2064805	2094338	29524	1	NZ_CP065279.1	NODE_3_length_288721_cov_23.579415	97.5		True
relocation, inconsistency = -2801
2027371	2064757	69755	32373	NZ_CP065279.1	NODE_3_length_288721_cov_23.579415	97.84		True
local misassembly
2023316	2026428	73831	70716	NZ_CP065279.1	NODE_3_length_288721_cov_23.579415	95.83		True
relocation, inconsistency = -5187
2018872	2023288	83448	79046	NZ_CP065279.1	NODE_3_length_288721_cov_23.579415	96.45		True
relocation, inconsistency = -1767
2006410	2018877	97671	85210	NZ_CP065279.1	NODE_3_length_288721_cov_23.579415	97.23		True
local misassembly
1984041	2006058	119687	97672	NZ_CP065279.1	NODE_3_length_288721_cov_23.579415	97.97		True
local misassembly
1968207	1983990	135736	120100	NZ_CP065279.1	NODE_3_length_288721_cov_23.579415	96.86		True
relocation, inconsistency = 18006
1939216	1948690	146723	137247	NZ_CP065279.1	NODE_3_length_288721_cov_23.579415	97.98		True
relocation, inconsistency = -4720
1879965	1939288	210624	151371	NZ_CP065279.1	NODE_3_length_288721_cov_23.579415	98.06		True
local misassembly
1835586	1879603	254602	210625	NZ_CP065279.1	NODE_3_length_288721_cov_23.579415	97.27		True
local misassembly
1802285	1834407	287012	254902	NZ_CP065279.1	NODE_3_length_288721_cov_23.579415	97.75		True
CONTIG	NODE_3_length_288721_cov_23.579415	288721	misassembled
3429401	3438994	9590	1	NZ_CP065279.1	NODE_4_length_280378_cov_23.587550	95.97		True
local misassembly
3345320	3428104	93534	10889	NZ_CP065279.1	NODE_4_length_280378_cov_23.587550	97.25		True
relocation, inconsistency = 2747
3237123	3342548	198909	93559	NZ_CP065279.1	NODE_4_length_280378_cov_23.587550	97.76		True
relocation, inconsistency = -1732
3228645	3237089	209108	200675	NZ_CP065279.1	NODE_4_length_280378_cov_23.587550	96.78		True
local misassembly
3196491	3227058	241238	210669	NZ_CP065279.1	NODE_4_length_280378_cov_23.587550	98.43		True
relocation, inconsistency = 8756
3162731	3187270	265982	241703	NZ_CP065279.1	NODE_4_length_280378_cov_23.587550	97.31		True
relocation, inconsistency = -13595
3162198	3162677	280110	279631	NZ_CP065279.1	NODE_4_length_280378_cov_23.587550	100.0		True
CONTIG	NODE_4_length_280378_cov_23.587550	280378	misassembled
1698009	1709007	4	11002	NZ_CP065279.1	NODE_5_length_245536_cov_24.532267	95.05		True
local misassembly
1709555	1714891	11562	16898	NZ_CP065279.1	NODE_5_length_245536_cov_24.532267	95.85		True
relocation, inconsistency = -1855
1719648	1721103	23510	24965	NZ_CP065279.1	NODE_5_length_245536_cov_24.532267	95.47		True
local misassembly
1723987	1724582	27651	28246	NZ_CP065279.1	NODE_5_length_245536_cov_24.532267	96.64		True
local misassembly
1724792	1725065	28627	28900	NZ_CP065279.1	NODE_5_length_245536_cov_24.532267	96.35		True
relocation, inconsistency = -432635
1306779	1308900	43249	45370	NZ_CP065279.1	NODE_5_length_245536_cov_24.532267	97.13		True
local misassembly
1309029	1402224	46029	139069	NZ_CP065279.1	NODE_5_length_245536_cov_24.532267	97.92		True
local misassembly
1403073	1403195	139921	140043	NZ_CP065279.1	NODE_5_length_245536_cov_24.532267	95.93		True
local misassembly
1405595	1429437	142724	166556	NZ_CP065279.1	NODE_5_length_245536_cov_24.532267	98.33		True
local misassembly
1430280	1438012	166790	174519	NZ_CP065279.1	NODE_5_length_245536_cov_24.532267	97.52		True
local misassembly
1438005	1508815	174878	245536	NZ_CP065279.1	NODE_5_length_245536_cov_24.532267	98.27		True
CONTIG	NODE_5_length_245536_cov_24.532267	245536	misassembled
641163	677065	35842	1	NZ_CP065279.1	NODE_6_length_238309_cov_25.260728	97.99		True
relocation, inconsistency = 1407
610589	639755	64903	35843	NZ_CP065279.1	NODE_6_length_238309_cov_25.260728	97.14		True
relocation, inconsistency = 1145
607576	609443	66771	64904	NZ_CP065279.1	NODE_6_length_238309_cov_25.260728	98.75		True
relocation, inconsistency = 40107
555808	567468	78432	66772	NZ_CP065279.1	NODE_6_length_238309_cov_25.260728	97.84		True
relocation, inconsistency = 1938
545220	551837	87082	80465	NZ_CP065279.1	NODE_6_length_238309_cov_25.260728	96.52		True
relocation, inconsistency = 33082
481922	512137	117311	87083	NZ_CP065279.1	NODE_6_length_238309_cov_25.260728	97.7		True
local misassembly
470399	481630	128834	117603	NZ_CP065279.1	NODE_6_length_238309_cov_25.260728	97.0		True
local misassembly
432187	469373	166069	128933	NZ_CP065279.1	NODE_6_length_238309_cov_25.260728	97.32		True
local misassembly
431735	431940	166520	166316	NZ_CP065279.1	NODE_6_length_238309_cov_25.260728	96.14		True
local misassembly
400356	431123	197034	166521	NZ_CP065279.1	NODE_6_length_238309_cov_25.260728	96.81		True
relocation, inconsistency = 1374
382821	398920	213189	197096	NZ_CP065279.1	NODE_6_length_238309_cov_25.260728	97.59		True
relocation, inconsistency = 3012
359291	378855	233708	214143	NZ_CP065279.1	NODE_6_length_238309_cov_25.260728	97.34		True
CONTIG	NODE_6_length_238309_cov_25.260728	238309	misassembled
3006268	3035376	29107	1	NZ_CP065279.1	NODE_7_length_207853_cov_21.388931	97.36		True
relocation, inconsistency = 6652
2930485	2999422	98163	29301	NZ_CP065279.1	NODE_7_length_207853_cov_21.388931	97.63		True
local misassembly
2926051	2929847	101991	98201	NZ_CP065279.1	NODE_7_length_207853_cov_21.388931	95.95		True
local misassembly
2892781	2925323	134540	102043	NZ_CP065279.1	NODE_7_length_207853_cov_21.388931	96.62		True
relocation, inconsistency = 12006
2811941	2880128	203217	135187	NZ_CP065279.1	NODE_7_length_207853_cov_21.388931	96.07		True
CONTIG	NODE_7_length_207853_cov_21.388931	207853	misassembled
3438967	3490194	1	51213	NZ_CP065279.1	NODE_8_length_206390_cov_24.316999	96.7		True
local misassembly
3490197	3532166	52051	94019	NZ_CP065279.1	NODE_8_length_206390_cov_24.316999	97.75		True
relocation, inconsistency = 5766
3537957	3538832	94044	94924	NZ_CP065279.1	NODE_8_length_206390_cov_24.316999	95.16		True
relocation, inconsistency = 1412
3540245	3582132	94925	136816	NZ_CP065279.1	NODE_8_length_206390_cov_24.316999	97.7		True
local misassembly
3583398	3644993	137633	199119	NZ_CP065279.1	NODE_8_length_206390_cov_24.316999	97.48		True
relocation, inconsistency = 3355591
220536	221311	206390	205615	NZ_CP065279.1	NODE_8_length_206390_cov_24.316999	96.91		True
CONTIG	NODE_8_length_206390_cov_24.316999	206390	misassembled
1115101	1133271	18181	11	NZ_CP065279.1	NODE_9_length_195574_cov_24.484180	99.67		True
relocation, inconsistency = -23417
1028818	1115103	127861	41596	NZ_CP065279.1	NODE_9_length_195574_cov_24.484180	98.24		True
relocation, inconsistency = 28625
944613	996773	183472	131281	NZ_CP065279.1	NODE_9_length_195574_cov_24.484180	97.78		True
relocation, inconsistency = 3931
932096	940672	192055	183482	NZ_CP065279.1	NODE_9_length_195574_cov_24.484180	96.45		True
relocation, inconsistency = 11745
916833	920305	195573	192101	NZ_CP065279.1	NODE_9_length_195574_cov_24.484180	95.22		True
CONTIG	NODE_9_length_195574_cov_24.484180	195574	misassembled
1727972	1749320	22705	1360	NZ_CP065279.1	NODE_10_length_179965_cov_24.402889	97.53		True
relocation, inconsistency = 62255
1531229	1665716	156868	22706	NZ_CP065279.1	NODE_10_length_179965_cov_24.402889	98.75		True
local misassembly
1508825	1531218	179965	157583	NZ_CP065279.1	NODE_10_length_179965_cov_24.402889	98.33		True
CONTIG	NODE_10_length_179965_cov_24.402889	179965	misassembled
2235417	2296144	4263	64988	NZ_CP065279.1	NODE_11_length_154056_cov_22.892600	97.51		True
relocation, inconsistency = -4083
2296159	2326576	69086	99440	NZ_CP065279.1	NODE_11_length_154056_cov_22.892600	96.66		True
relocation, inconsistency = -1192
2326578	2380177	100634	154056	NZ_CP065279.1	NODE_11_length_154056_cov_22.892600	97.27		True
CONTIG	NODE_11_length_154056_cov_22.892600	154056	misassembled
2219542	2235444	17958	2057	NZ_CP065279.1	NODE_12_length_137669_cov_22.643163	99.72		True
relocation, inconsistency = -1268
2200119	2219544	38640	19224	NZ_CP065279.1	NODE_12_length_137669_cov_22.643163	96.68		True
local misassembly
2158469	2199892	80032	38648	NZ_CP065279.1	NODE_12_length_137669_cov_22.643163	96.58		True
relocation, inconsistency = 6283
2094351	2152170	137662	80048	NZ_CP065279.1	NODE_12_length_137669_cov_22.643163	97.3		True
CONTIG	NODE_12_length_137669_cov_22.643163	137669	misassembled
5108373	5131911	1	23539	NZ_CP065279.1	NODE_13_length_133468_cov_25.646245	96.34		True
relocation, inconsistency = 1495
5133415	5174292	23548	64362	NZ_CP065279.1	NODE_13_length_133468_cov_25.646245	96.79		True
local misassembly
5175073	5210832	64363	99967	NZ_CP065279.1	NODE_13_length_133468_cov_25.646245	96.4		True
local misassembly
5211511	5220437	100127	109053	NZ_CP065279.1	NODE_13_length_133468_cov_25.646245	95.04		True
relocation, inconsistency = 2655
5223140	5224066	109101	110027	NZ_CP065279.1	NODE_13_length_133468_cov_25.646245	96.01		True
indel: indel (> 5bp)
5224220	5224521	110028	110329	NZ_CP065279.1	NODE_13_length_133468_cov_25.646245	97.02		True
CONTIG	NODE_13_length_133468_cov_25.646245	133468	misassembled
4930864	5009694	7	78817	NZ_CP065279.1	NODE_14_length_118888_cov_25.696133	97.62		True
local misassembly
5009694	5049484	79138	118888	NZ_CP065279.1	NODE_14_length_118888_cov_25.696133	96.67		True
CONTIG	NODE_14_length_118888_cov_25.696133	118888	correct
3036091	3147192	1	110786	NZ_CP065279.1	NODE_15_length_117077_cov_23.321565	97.65		True
CONTIG	NODE_15_length_117077_cov_23.321565	117077	correct
844165	872951	28785	1	NZ_CP065279.1	NODE_16_length_111008_cov_25.101669	99.78		True
relocation, inconsistency = -30268
841851	844168	61367	59050	NZ_CP065279.1	NODE_16_length_111008_cov_25.101669	99.91		True
relocation, inconsistency = 4034
824639	837597	74545	61587	NZ_CP065279.1	NODE_16_length_111008_cov_25.101669	99.87		True
relocation, inconsistency = 1167
786998	823471	111008	74546	NZ_CP065279.1	NODE_16_length_111008_cov_25.101669	98.27		True
CONTIG	NODE_16_length_111008_cov_25.101669	111008	misassembled
761424	786986	25520	1	NZ_CP065279.1	NODE_17_length_110615_cov_25.346330	97.63		True
local misassembly
677038	761322	110615	26508	NZ_CP065279.1	NODE_17_length_110615_cov_25.346330	98.48		True
CONTIG	NODE_17_length_110615_cov_25.346330	110615	correct
135895	161829	25894	1	NZ_CP065279.1	NODE_18_length_110280_cov_25.798277	96.68		True
relocation, inconsistency = 2575
105990	133317	53244	25897	NZ_CP065279.1	NODE_18_length_110280_cov_25.798277	97.17		True
local misassembly
59020	105418	99710	53322	NZ_CP065279.1	NODE_18_length_110280_cov_25.798277	97.06		True
relocation, inconsistency = 2142
46314	56765	110280	99823	NZ_CP065279.1	NODE_18_length_110280_cov_25.798277	97.27		True
CONTIG	NODE_18_length_110280_cov_25.798277	110280	misassembled
1133266	1169146	1	35698	NZ_CP065279.1	NODE_19_length_109282_cov_24.404431	99.45		True
relocation, inconsistency = 1423
1170570	1170654	35699	35783	NZ_CP065279.1	NODE_19_length_109282_cov_24.404431	98.84		True
local misassembly
1171011	1193974	35784	58764	NZ_CP065279.1	NODE_19_length_109282_cov_24.404431	98.37		True
relocation, inconsistency = 1014
1195177	1211153	58953	74898	NZ_CP065279.1	NODE_19_length_109282_cov_24.404431	96.02		True
fake: scaffold gap size wrong estimation (local)
1211525	1218235	74996	81654	NZ_CP065279.1	NODE_19_length_109282_cov_24.404431	97.16		True
relocation, inconsistency = 19642
1237878	1241093	81655	84871	NZ_CP065279.1	NODE_19_length_109282_cov_24.404431	98.18		True
local misassembly
1241167	1264777	85697	109282	NZ_CP065279.1	NODE_19_length_109282_cov_24.404431	97.61		True
CONTIG	NODE_19_length_109282_cov_24.404431	109282	misassembled
4340983	4366767	25809	1	NZ_CP065279.1	NODE_20_length_93784_cov_25.019800	99.57		True
local misassembly
4298718	4340341	67422	25825	NZ_CP065279.1	NODE_20_length_93784_cov_25.019800	99.03		True
local misassembly
4276022	4298060	89404	67423	NZ_CP065279.1	NODE_20_length_93784_cov_25.019800	97.63		True
relocation, inconsistency = 2482798
1788844	1789208	93784	93420	NZ_CP065279.1	NODE_20_length_93784_cov_25.019800	98.9		True
CONTIG	NODE_20_length_93784_cov_25.019800	93784	misassembled
3773302	3785877	12576	1	NZ_CP065279.1	NODE_21_length_82305_cov_24.415420	97.59		True
relocation, inconsistency = -1468131
5228184	5230122	25818	23887	NZ_CP065279.1	NODE_21_length_82305_cov_24.415420	95.08		True
relocation, inconsistency = 1459108
3745141	3766736	49760	28158	NZ_CP065279.1	NODE_21_length_82305_cov_24.415420	97.49		True
relocation, inconsistency = 66337
3670577	3678803	57973	49761	NZ_CP065279.1	NODE_21_length_82305_cov_24.415420	96.01		True
relocation, inconsistency = 1660
3645709	3668901	81182	57989	NZ_CP065279.1	NODE_21_length_82305_cov_24.415420	98.09		True
relocation, inconsistency = 1887936
1756650	1756929	82026	82305	NZ_CP065279.1	NODE_21_length_82305_cov_24.415420	96.43		True
CONTIG	NODE_21_length_82305_cov_24.415420	82305	misassembled
2693109	2770103	1	77000	NZ_CP065279.1	NODE_22_length_82239_cov_20.010373	99.49		True
relocation, inconsistency = 7251
2777442	2780355	77088	79998	NZ_CP065279.1	NODE_22_length_82239_cov_20.010373	96.71		True
relocation, inconsistency = 1777
2782133	2784371	79999	82239	NZ_CP065279.1	NODE_22_length_82239_cov_20.010373	97.15		True
CONTIG	NODE_22_length_82239_cov_20.010373	82239	misassembled
40368	44107	3742	4	NZ_CP065279.1	NODE_23_length_75013_cov_24.675868	96.39		True
relocation, inconsistency = -3563
12566	40001	34996	7672	NZ_CP065279.1	NODE_23_length_75013_cov_24.675868	96.76		True
local misassembly
10310	11192	37244	36362	NZ_CP065279.1	NODE_23_length_75013_cov_24.675868	96.15		True
local misassembly
1	8371	47572	39200	NZ_CP065279.1	NODE_23_length_75013_cov_24.675868	98.32		True
fake: not a misassembly [linear representation of circular genome]
5350356	5377795	75013	47573	NZ_CP065279.1	NODE_23_length_75013_cov_24.675868	98.38		True
CONTIG	NODE_23_length_75013_cov_24.675868	75013	misassembled
2478879	2481299	2421	1	NZ_CP065279.1	NODE_24_length_72813_cov_22.231248	97.48		True
local misassembly
2437983	2478604	43023	2422	NZ_CP065279.1	NODE_24_length_72813_cov_22.231248	97.05		True
relocation, inconsistency = 22096
2386128	2415883	72810	43027	NZ_CP065279.1	NODE_24_length_72813_cov_22.231248	97.17		True
CONTIG	NODE_24_length_72813_cov_22.231248	72813	misassembled
4818079	4848636	99	30651	NZ_CP065279.1	NODE_25_length_71990_cov_24.154665	98.51		True
relocation, inconsistency = 3657
4852302	4876820	30660	55168	NZ_CP065279.1	NODE_25_length_71990_cov_24.154665	98.47		True
relocation, inconsistency = 5364
4882206	4898953	55190	71931	NZ_CP065279.1	NODE_25_length_71990_cov_24.154665	96.88		True
CONTIG	NODE_25_length_71990_cov_24.154665	71990	misassembled
1690558	1691114	6832	6279	NZ_CP065279.1	NODE_26_length_70174_cov_25.436275	99.1		True
local misassembly
1682834	1683086	14180	13928	NZ_CP065279.1	NODE_26_length_70174_cov_25.436275	97.63		True
local misassembly
1681357	1681462	16493	16388	NZ_CP065279.1	NODE_26_length_70174_cov_25.436275	96.23		True
local misassembly
1679833	1679987	17546	17392	NZ_CP065279.1	NODE_26_length_70174_cov_25.436275	98.06		True
relocation, inconsistency = 359283
1268943	1306823	69162	31273	NZ_CP065279.1	NODE_26_length_70174_cov_25.436275	97.64		True
relocation, inconsistency = 3187
1264744	1265717	70174	69201	NZ_CP065279.1	NODE_26_length_70174_cov_25.436275	98.77		True
CONTIG	NODE_26_length_70174_cov_25.436275	70174	misassembled
4708428	4733246	3089	27894	NZ_CP065279.1	NODE_27_length_68803_cov_25.672275	97.07		True
relocation, inconsistency = 37083
4770854	4777564	28419	35129	NZ_CP065279.1	NODE_27_length_68803_cov_25.672275	97.73		True
relocation, inconsistency = 5221
4782786	4792213	35130	44558	NZ_CP065279.1	NODE_27_length_68803_cov_25.672275	97.77		True
relocation, inconsistency = 1746
4794031	4818085	44630	68707	NZ_CP065279.1	NODE_27_length_68803_cov_25.672275	96.98		True
CONTIG	NODE_27_length_68803_cov_25.672275	68803	misassembled
4211762	4276106	123	64537	NZ_CP065279.1	NODE_28_length_65164_cov_25.024237	98.7		True
relocation, inconsistency = -2489198
1787277	1787535	64906	65164	NZ_CP065279.1	NODE_28_length_65164_cov_25.024237	97.68		True
CONTIG	NODE_28_length_65164_cov_25.024237	65164	misassembled
161832	221464	59642	2	NZ_CP065279.1	NODE_29_length_59642_cov_24.804864	98.06		True
CONTIG	NODE_29_length_59642_cov_24.804864	59642	correct
2788155	2796582	52979	44447	NZ_CP065279.1	NODE_30_length_56982_cov_18.474975	95.4		True
unknown
2784431	2788066	56982	53355	NZ_CP065279.1	NODE_30_length_56982_cov_18.474975	96.47		True
unknown
CONTIG	NODE_30_length_56982_cov_18.474975	56982	mis_unaligned
873011	887008	1	13988	NZ_CP065279.1	NODE_31_length_49597_cov_25.348842	99.24		True
unknown
895626	896133	13939	14446	NZ_CP065279.1	NODE_31_length_49597_cov_25.348842	98.82		True
unknown
916320	916830	49087	49597	NZ_CP065279.1	NODE_31_length_49597_cov_25.348842	96.09		True
unknown
CONTIG	NODE_31_length_49597_cov_25.348842	49597	mis_unaligned
CONTIG	NODE_32_length_46795_cov_22.810990	46795	unaligned
2592201	2634530	1	42347	NZ_CP065279.1	NODE_33_length_46499_cov_19.457220	97.19		True
relocation, inconsistency = 54425
2688956	2693118	42348	46499	NZ_CP065279.1	NODE_33_length_46499_cov_19.457220	97.48		True
CONTIG	NODE_33_length_46499_cov_19.457220	46499	misassembled
2536884	2563818	3	26937	NZ_CP065279.1	NODE_34_length_45105_cov_20.234213	97.81		True
relocation, inconsistency = 9463
2573929	2584757	27585	38399	NZ_CP065279.1	NODE_34_length_45105_cov_20.234213	97.41		True
local misassembly
2585541	2592209	38437	45105	NZ_CP065279.1	NODE_34_length_45105_cov_20.234213	98.31		True
CONTIG	NODE_34_length_45105_cov_20.234213	45105	misassembled
5314244	5314936	2636	3328	NZ_CP065279.1	NODE_35_length_39981_cov_25.738804	96.83		True
relocation, inconsistency = -1248
5314941	5350342	4581	39981	NZ_CP065279.1	NODE_35_length_39981_cov_25.738804	99.64		True
CONTIG	NODE_35_length_39981_cov_25.738804	39981	misassembled
4899738	4930861	3335	34438	NZ_CP065279.1	NODE_36_length_34438_cov_24.574012	97.3		True
CONTIG	NODE_36_length_34438_cov_24.574012	34438	correct
2481266	2512778	1	31503	NZ_CP065279.1	NODE_37_length_32742_cov_21.214165	96.93		True
local misassembly
2513444	2514256	31838	32649	NZ_CP065279.1	NODE_37_length_32742_cov_21.214165	97.05		True
CONTIG	NODE_37_length_32742_cov_21.214165	32742	correct
349203	359297	10525	431	NZ_CP065279.1	NODE_38_length_32341_cov_25.555611	97.76		True
relocation, inconsistency = 2131
346779	346921	10818	10676	NZ_CP065279.1	NODE_38_length_32341_cov_25.555611	99.3		True
local misassembly
336436	345737	21190	11888	NZ_CP065279.1	NODE_38_length_32341_cov_25.555611	97.42		True
relocation, inconsistency = 1219
326401	335164	30005	21243	NZ_CP065279.1	NODE_38_length_32341_cov_25.555611	97.84		True
local misassembly
324115	324185	32298	32228	NZ_CP065279.1	NODE_38_length_32341_cov_25.555611	100.0		True
CONTIG	NODE_38_length_32341_cov_25.555611	32341	misassembled
5049485	5049785	1	302	NZ_CP065279.1	NODE_39_length_28835_cov_25.379802	96.03		True
indel: indel (> 5bp)
5049786	5054185	339	4726	NZ_CP065279.1	NODE_39_length_28835_cov_25.379802	95.32		True
indel: indel (> 5bp)
5054186	5057815	4751	8379	NZ_CP065279.1	NODE_39_length_28835_cov_25.379802	95.45		True
local misassembly
5057858	5078105	8657	28835	NZ_CP065279.1	NODE_39_length_28835_cov_25.379802	96.2		True
CONTIG	NODE_39_length_28835_cov_25.379802	28835	correct
2535164	2536896	1733	1	NZ_CP065279.1	NODE_40_length_22819_cov_21.102377	97.58		True
local misassembly
2514251	2532201	22726	4718	NZ_CP065279.1	NODE_40_length_22819_cov_21.102377	96.72		True
CONTIG	NODE_40_length_22819_cov_21.102377	22819	correct
1760022	1777298	2059	19330	NZ_CP065279.1	NODE_41_length_19429_cov_24.531609	97.85		True
CONTIG	NODE_41_length_19429_cov_24.531609	19429	correct
5085304	5104429	19129	1	NZ_CP065279.1	NODE_42_length_19129_cov_24.948135	96.91		True
CONTIG	NODE_42_length_19129_cov_24.948135	19129	correct
CONTIG	NODE_43_length_16421_cov_58.742434	16421	unaligned
1800517	1800946	12	441	NZ_CP065279.1	NODE_44_length_14091_cov_24.546026	96.51		True
relocation, inconsistency = 1564431
224776	233555	11644	2972	NZ_CP065279.1	NODE_44_length_14091_cov_24.546026	95.8		True
CONTIG	NODE_44_length_14091_cov_24.546026	14091	misassembled
CONTIG	NODE_45_length_13624_cov_60.190462	13624	unaligned
1777294	1787535	99	10359	NZ_CP065279.1	NODE_46_length_10359_cov_23.423782	98.17		True
CONTIG	NODE_46_length_10359_cov_23.423782	10359	correct
1754048	1757851	3784	1	NZ_CP065279.1	NODE_47_length_8151_cov_22.900149	95.03		True
CONTIG	NODE_47_length_8151_cov_22.900149	8151	correct_unaligned
5078432	5084869	6442	5	NZ_CP065279.1	NODE_48_length_6442_cov_24.808608	98.4		True
CONTIG	NODE_48_length_6442_cov_24.808608	6442	correct
CONTIG	NODE_49_length_4938_cov_58.077702	4938	unaligned
2380177	2383880	12	3714	NZ_CP065279.1	NODE_50_length_3714_cov_21.640941	98.19		True
CONTIG	NODE_50_length_3714_cov_21.640941	3714	correct
CONTIG	NODE_51_length_3196_cov_25.899580	3196	unaligned
CONTIG	NODE_52_length_2644_cov_77.115914	2644	unaligned
CONTIG	NODE_53_length_2216_cov_79.781767	2216	unaligned
CONTIG	NODE_54_length_2167_cov_235.817698	2167	unaligned
CONTIG	NODE_55_length_1942_cov_25.297884	1942	unaligned
2383899	2385763	1866	1	NZ_CP065279.1	NODE_56_length_1866_cov_19.046972	97.8		True
CONTIG	NODE_56_length_1866_cov_19.046972	1866	correct
44472	46202	1	1731	NZ_CP065279.1	NODE_57_length_1733_cov_24.060588	97.23		True
CONTIG	NODE_57_length_1733_cov_24.060588	1733	correct
1787437	1788942	1	1506	NZ_CP065279.1	NODE_58_length_1506_cov_46.960910	99.54		True
CONTIG	NODE_58_length_1506_cov_46.960910	1506	correct
1211528	1211627	1	100	NZ_CP065279.1	NODE_59_length_1184_cov_29.062673	99.0		True
CONTIG	NODE_59_length_1184_cov_29.062673	1184	correct_unaligned
CONTIG	NODE_60_length_1131_cov_36.424419	1131	unaligned
3035361	3036108	748	1	NZ_CP065279.1	NODE_61_length_748_cov_13.964561	98.4		True
CONTIG	NODE_61_length_748_cov_13.964561	748	correct
CONTIG	NODE_62_length_693_cov_52.084175	693	unaligned
CONTIG	NODE_63_length_611_cov_44.074219	611	unaligned
CONTIG	NODE_64_length_594_cov_25.664646	594	unaligned
1788844	1789022	1	179	NZ_CP065279.1	NODE_65_length_521_cov_20.272512	97.21		True
indel: indel (> 5bp)
1789023	1789213	279	469	NZ_CP065279.1	NODE_65_length_521_cov_20.272512	99.48		True
CONTIG	NODE_65_length_521_cov_20.272512	521	correct
